{"count":1,"self":971.97823999999991,"total":976.9604313,"children":{"InitializeActuators":{"count":1,"self":0.00099739999999999985,"total":0.00099739999999999985,"children":null},"InitializeSensors":{"count":1,"self":0.00099669999999999989,"total":0.00099669999999999989,"children":null},"AgentSendState":{"count":3311,"self":0.0089625,"total":0.043332699999999995,"children":{"CollectObservations":{"count":663,"self":0.0109593,"total":0.0109593,"children":null},"WriteActionMask":{"count":663,"self":0.0019952999999999998,"total":0.0019952999999999998,"children":null},"RequestDecision":{"count":663,"self":0.0214156,"total":0.0214156,"children":null}}},"DecideAction":{"count":3311,"self":4.8959464,"total":4.8959465,"children":null},"AgentAct":{"count":3311,"self":0.0408897,"total":0.0408897,"children":null}},"gauges":{},"metadata":{"timer_format_version":"0.1.0","start_time_seconds":"1719300082","unity_version":"2021.3.28f1","command_line_arguments":"E:\\unity\\2021.3.28f1\\Editor\\Unity.exe -projectpath E:\\RedeemedSoul -useHub -hubIPC -cloudEnvironment production -licensingIpc LicenseClient-jingu -hubSessionId d4e814ed-6df3-4dbc-a5cc-ecc075991942 -accessToken p7p0SrzdtBSIPVzvh_m11wt8WIp1RoyMTwrb0DQW2po01ef","communication_protocol_version":"1.5.0","com.unity.ml-agents_version":"2.0.1","scene_name":"level2-8","end_time_seconds":"1719301059"}}