{"count":1,"self":102.02137599999999,"total":104.95314739999999,"children":{"InitializeActuators":{"count":2,"self":0.00099669999999999989,"total":0.00099669999999999989,"children":null},"InitializeSensors":{"count":2,"self":0,"total":0,"children":null},"AgentSendState":{"count":3256,"self":0.015740999999999998,"total":0.1889804,"children":{"CollectObservations":{"count":1304,"self":0.010202899999999999,"total":0.010202899999999999,"children":null},"WriteActionMask":{"count":1304,"self":0.0024078,"total":0.0024078,"children":null},"RequestDecision":{"count":1304,"self":0.16062869999999999,"total":0.16062869999999999,"children":null}}},"DecideAction":{"count":3256,"self":1.5719128999999998,"total":1.5719128999999998,"children":null},"AgentAct":{"count":3256,"self":1.1688905,"total":1.1688905,"children":null}},"gauges":{"RiruAI.CumulativeReward":{"count":4,"max":42.76176,"min":15.3750687,"runningAverage":29.3098412,"value":26.1863632,"weightedAverage":30.6130524},"PlayerControllerAI.CumulativeReward":{"count":4,"max":-8.255783,"min":-185.188736,"runningAverage":-78.83552,"value":-81.17025,"weightedAverage":-65.06453}},"metadata":{"timer_format_version":"0.1.0","start_time_seconds":"1719159695","unity_version":"2021.3.28f1","command_line_arguments":"C:\\Program Files\\Unity\\Hub\\Editor\\2021.3.28f1\\Editor\\Unity.exe -projectpath C:\\Users\\jingu\\Desktop\\RedeemedSoul -useHub -hubIPC -cloudEnvironment production -licensingIpc LicenseClient-jingu -hubSessionId 684d1701-b576-4c2f-b759-52349fb790dd -accessToken ouut5F9YNkC89-S_m45xMRTRRJe5wAs-RAOt76R8uYw01ef","communication_protocol_version":"1.5.0","com.unity.ml-agents_version":"2.0.1","scene_name":"Scene1","end_time_seconds":"1719159799"}}