{"count":1,"self":1399.5487232,"total":5941.7724585,"children":{"InitializeActuators":{"count":2,"self":0.0009964,"total":0.0009964,"children":null},"InitializeSensors":{"count":2,"self":0.00099549999999999986,"total":0.00099549999999999986,"children":null},"AgentSendState":{"count":2400884,"self":3.2121063999999997,"total":334.6827027,"children":{"CollectObservations":{"count":960354,"self":187.1451008,"total":187.1450964,"children":null},"WriteActionMask":{"count":960354,"self":0.4541322,"total":0.4541322,"children":null},"RequestDecision":{"count":960354,"self":2.5232002,"total":143.8713678,"children":{"AgentInfo.ToProto":{"count":960354,"self":3.5039688,"total":141.34816759999998,"children":{"GenerateSensorData":{"count":960354,"self":137.84419839999998,"total":137.84419889999998,"children":null}}}}}}},"DecideAction":{"count":2400884,"self":3680.4734976,"total":3680.473458,"children":null},"AgentAct":{"count":2400884,"self":526.6622976,"total":526.6623104,"children":null},"AgentInfo.ToProto":{"count":2820,"self":0.0119834,"total":0.4012266,"children":{"GenerateSensorData":{"count":2820,"self":0.38924319999999996,"total":0.38924319999999996,"children":null}}}},"gauges":{"RiruAI.CumulativeReward":{"count":1410,"max":97.40811,"min":-95.91339,"runningAverage":23.0270233,"value":-9.557207,"weightedAverage":15.4265356},"PlayerControllerAI.CumulativeReward":{"count":1410,"max":260.672668,"min":-2950.63184,"runningAverage":-433.5333,"value":109.692696,"weightedAverage":-377.241638}},"metadata":{"timer_format_version":"0.1.0","start_time_seconds":"1719168727","unity_version":"2021.3.28f1","command_line_arguments":"C:\\Program Files\\Unity\\Hub\\Editor\\2021.3.28f1\\Editor\\Unity.exe -projectpath C:\\Users\\jingu\\Desktop\\RedeemedSoul -useHub -hubIPC -cloudEnvironment production -licensingIpc LicenseClient-jingu -hubSessionId 684d1701-b576-4c2f-b759-52349fb790dd -accessToken ouut5F9YNkC89-S_m45xMRTRRJe5wAs-RAOt76R8uYw01ef","communication_protocol_version":"1.5.0","com.unity.ml-agents_version":"2.0.1","scene_name":"Scene1","end_time_seconds":"1719174669"}}