{
    "name": "root",
    "gauges": {
        "MoveToTarget.Policy.Entropy.mean": {
            "value": 1.4623768329620361,
            "min": 1.4260282516479492,
            "max": 1.4623768329620361,
            "count": 10
        },
        "MoveToTarget.Policy.Entropy.sum": {
            "value": 73137.8515625,
            "min": 71545.8125,
            "max": 73137.8515625,
            "count": 10
        },
        "MoveToTarget.Environment.EpisodeLength.mean": {
            "value": 12.220660941972417,
            "min": 12.220660941972417,
            "max": 182.67857142857142,
            "count": 10
        },
        "MoveToTarget.Environment.EpisodeLength.sum": {
            "value": 46964.0,
            "min": 45811.0,
            "max": 52805.0,
            "count": 10
        },
        "MoveToTarget.Step.mean": {
            "value": 499989.0,
            "min": 49999.0,
            "max": 499989.0,
            "count": 10
        },
        "MoveToTarget.Step.sum": {
            "value": 499989.0,
            "min": 49999.0,
            "max": 499989.0,
            "count": 10
        },
        "MoveToTarget.Policy.ExtrinsicValueEstimate.mean": {
            "value": 8.728367805480957,
            "min": 1.234763264656067,
            "max": 8.728367805480957,
            "count": 10
        },
        "MoveToTarget.Policy.ExtrinsicValueEstimate.sum": {
            "value": 35323.703125,
            "min": 1139.6865234375,
            "max": 35323.703125,
            "count": 10
        },
        "MoveToTarget.Environment.CumulativeReward.mean": {
            "value": 9.96251952108277,
            "min": 3.7142857142857144,
            "max": 9.963119477525932,
            "count": 10
        },
        "MoveToTarget.Environment.CumulativeReward.sum": {
            "value": 38276.0,
            "min": 936.0,
            "max": 38276.0,
            "count": 10
        },
        "MoveToTarget.Policy.ExtrinsicReward.mean": {
            "value": 9.96251952108277,
            "min": 3.7142857142857144,
            "max": 9.963119477525932,
            "count": 10
        },
        "MoveToTarget.Policy.ExtrinsicReward.sum": {
            "value": 38276.0,
            "min": 936.0,
            "max": 38276.0,
            "count": 10
        },
        "MoveToTarget.Losses.PolicyLoss.mean": {
            "value": 0.022172185559757054,
            "min": 0.021277432180165003,
            "max": 0.025644174264743923,
            "count": 10
        },
        "MoveToTarget.Losses.PolicyLoss.sum": {
            "value": 0.11086092779878527,
            "min": 0.09012755006163692,
            "max": 0.12822087132371962,
            "count": 10
        },
        "MoveToTarget.Losses.ValueLoss.mean": {
            "value": 1.2298208542664848,
            "min": 0.98801980043451,
            "max": 2.9140616432825723,
            "count": 10
        },
        "MoveToTarget.Losses.ValueLoss.sum": {
            "value": 6.1491042713324235,
            "min": 3.95207920173804,
            "max": 14.570308216412862,
            "count": 10
        },
        "MoveToTarget.Policy.LearningRate.mean": {
            "value": 1.6804414398560006e-05,
            "min": 1.6804414398560006e-05,
            "max": 0.0002845693551435499,
            "count": 10
        },
        "MoveToTarget.Policy.LearningRate.sum": {
            "value": 8.402207199280003e-05,
            "min": 8.402207199280003e-05,
            "max": 0.0012840066719978,
            "count": 10
        },
        "MoveToTarget.Policy.Epsilon.mean": {
            "value": 0.10560144,
            "min": 0.10560144,
            "max": 0.19485645000000004,
            "count": 10
        },
        "MoveToTarget.Policy.Epsilon.sum": {
            "value": 0.5280072,
            "min": 0.5003748,
            "max": 0.9280022,
            "count": 10
        },
        "MoveToTarget.Policy.Beta.mean": {
            "value": 0.00028951185600000016,
            "min": 0.00028951185600000016,
            "max": 0.004743336855,
            "count": 10
        },
        "MoveToTarget.Policy.Beta.sum": {
            "value": 0.0014475592800000008,
            "min": 0.0014475592800000008,
            "max": 0.021407309779999998,
            "count": 10
        },
        "MoveToTarget.IsTraining.mean": {
            "value": 1.0,
            "min": 1.0,
            "max": 1.0,
            "count": 10
        },
        "MoveToTarget.IsTraining.sum": {
            "value": 1.0,
            "min": 1.0,
            "max": 1.0,
            "count": 10
        }
    },
    "metadata": {
        "timer_format_version": "0.1.0",
        "start_time_seconds": "1714315135",
        "python_version": "3.9.13 (tags/v3.9.13:6de2ca5, May 17 2022, 16:36:42) [MSC v.1929 64 bit (AMD64)]",
        "command_line_arguments": "C:\\Users\\jingu\\Desktop\\RedeemedSoul\\venv\\Scripts\\mlagents-learn --run-id=Test2 --force",
        "mlagents_version": "0.30.0",
        "mlagents_envs_version": "0.30.0",
        "communication_protocol_version": "1.5.0",
        "pytorch_version": "2.3.0+cpu",
        "numpy_version": "1.21.2",
        "end_time_seconds": "1714315476"
    },
    "total": 341.2226142,
    "count": 1,
    "self": 0.0068143999999961125,
    "children": {
        "run_training.setup": {
            "total": 0.015830400000000022,
            "count": 1,
            "self": 0.015830400000000022
        },
        "TrainerController.start_learning": {
            "total": 341.1999694,
            "count": 1,
            "self": 1.0297162000073286,
            "children": {
                "TrainerController._reset_env": {
                    "total": 7.436021400000001,
                    "count": 1,
                    "self": 7.436021400000001
                },
                "TrainerController.advance": {
                    "total": 332.6849625999927,
                    "count": 74196,
                    "self": 0.9456155999884572,
                    "children": {
                        "env_step": {
                            "total": 243.947727599996,
                            "count": 74196,
                            "self": 211.97030299999147,
                            "children": {
                                "SubprocessEnvManager._take_step": {
                                    "total": 31.304726700006036,
                                    "count": 74196,
                                    "self": 2.4171409000039183,
                                    "children": {
                                        "TorchPolicy.evaluate": {
                                            "total": 28.887585800002118,
                                            "count": 55570,
                                            "self": 28.887585800002118
                                        }
                                    }
                                },
                                "workers": {
                                    "total": 0.6726978999984734,
                                    "count": 74196,
                                    "self": 0.0,
                                    "children": {
                                        "worker_root": {
                                            "total": 333.2031242000041,
                                            "count": 74196,
                                            "is_parallel": true,
                                            "self": 168.40004020000427,
                                            "children": {
                                                "steps_from_proto": {
                                                    "total": 0.0002043000000000461,
                                                    "count": 1,
                                                    "is_parallel": true,
                                                    "self": 6.409999999945626e-05,