{"count":1,"self":1807.0747136,"total":1863.9754033,"children":{"InitializeActuators":{"count":2,"self":0.0019949,"total":0.0019949,"children":null},"InitializeSensors":{"count":2,"self":0.001992,"total":0.001992,"children":null},"AgentSendState":{"count":48631,"self":0.1280749,"total":0.5756023,"children":{"CollectObservations":{"count":13825,"self":0.41238149999999996,"total":0.41238149999999996,"children":null},"WriteActionMask":{"count":8444,"self":0.0156017,"total":0.0156017,"children":null},"RequestDecision":{"count":8444,"self":0.019544199999999998,"total":0.019544199999999998,"children":null}}},"DecideAction":{"count":43250,"self":56.201248,"total":56.201248199999995,"children":null},"AgentAct":{"count":43250,"self":0.11795749999999999,"total":0.11795749999999999,"children":null}},"gauges":{},"metadata":{"timer_format_version":"0.1.0","start_time_seconds":"1719201065","unity_version":"2021.3.28f1","command_line_arguments":"E:\\RedeemedSoul\\Env\\RedeemedSoul.exe","communication_protocol_version":"1.5.0","com.unity.ml-agents_version":"2.0.1","scene_name":"Menu","end_time_seconds":"1719202928"}}