{
    "name": "root",
    "metadata": {
        "timer_format_version": "0.1.0",
        "start_time_seconds": "1715360394",
        "python_version": "3.9.13 (tags/v3.9.13:6de2ca5, May 17 2022, 16:36:42) [MSC v.1929 64 bit (AMD64)]",
        "command_line_arguments": "C:\\Users\\jingu\\Desktop\\RedeemedSoul\\venv\\Scripts\\mlagents-learn --run-id=Test4",
        "mlagents_version": "0.30.0",
        "mlagents_envs_version": "0.30.0",
        "communication_protocol_version": "1.5.0",
        "pytorch_version": "2.3.0+cpu",
        "numpy_version": "1.21.2",
        "end_time_seconds": "1715360530"
    },
    "total": 135.4015152,
    "count": 1,
    "self": 0.005761800000016137,
    "children": {
        "run_training.setup": {
            "total": 0.014469499999999913,
            "count": 1,
            "self": 0.014469499999999913
        },
        "TrainerController.start_learning": {
            "total": 135.3812839,
            "count": 1,
            "self": 0.12201260000028924,
            "children": {
                "TrainerController._reset_env": {
                    "total": 17.002802499999998,
                    "count": 1,
                    "self": 17.002802499999998
                },
                "TrainerController.advance": {
                    "total": 118.08155989999972,
                    "count": 7201,
                    "self": 0.1151757000001794,
                    "children": {
                        "env_step": {
                            "total": 117.39495540000003,
                            "count": 7201,
                            "self": 100.27564839999995,
                            "children": {
                                "SubprocessEnvManager._take_step": {
                                    "total": 17.040145900000073,
                                    "count": 7201,
                                    "self": 0.3738120999992134,
                                    "children": {
                                        "TorchPolicy.evaluate": {
                                            "total": 16.66633380000086,
                                            "count": 7201,
                                            "self": 16.66633380000086
                                        }
                                    }
                                },
                                "workers": {
                                    "total": 0.07916110000000742,
                                    "count": 7200,
                                    "self": 0.0,
                                    "children": {
                                        "worker_root": {
                                            "total": 57.58375129999976,
                                            "count": 7200,
                                            "is_parallel": true,
                                            "self": 24.435111899999633,
                                            "children": {
                                                "steps_from_proto": {
                                                    "total": 0.0003489999999999327,
                                                    "count": 1,
                                                    "is_parallel": true,
                                                    "self": 0.00019409999999808747,
                                                    "children": {
                                                        "_process_rank_one_or_two_observation": {
                                                            "total": 0.00015490000000184523,
                                                            "count": 2,
                                                            "is_parallel": true,
                                                            "self": 0.00015490000000184523
                                                        }
                                                    }
                                                },
                                                "UnityEnvironment.step": {
                                                    "total": 33.14829040000013,
                                                    "count": 7200,
                                                    "is_parallel": true,
                                                    "self": 0.4882655000002174,
                                                    "children": {
                                                        "UnityEnvironment._generate_step_input": {
                                                            "total": 0.4411563000000349,
                                                            "count": 7200,
                                                            "is_parallel": true,
                                                            "self": 0.4411563000000349
                                                        },
                                                        "communicator.exchange": {
                                                            "total": 30.42652849999987,
                                                            "count": 7200,
                                                            "is_parallel": true,
                                                            "self": 30.42652849999987
                                                        },
                                                        "steps_from_proto": {
                                                            "total": 1.792340100000004,
                                                            "count": 7200,
                                                            "is_parallel": true,
                                                            "self": 1.1489577999993124,
                                                            "children": {
                                                                "_process_rank_one_or_two_observation": {
                                                                    "total": 0.6433823000006917,
                                                                    "count": 14400,
                                                                    "is_parallel": true,
                                                                    "self": 0.6433823000006917
                                                                }
                                                            }
                                                        }
                                                    }
                                                }
                                            }
                                        }
                                    }
                                }
                            }
                        },
                        "trainer_advance": {
                            "total": 0.5714287999995022,
                            "count": 7200,
                            "self": 0.1418922999990393,
                            "children": {
                                "process_trajectory": {
                                    "total": 0.42953650000046295,
                                    "count": 7200,
                                    "self": 0.42953650000046295
                                }
                            }
                        }
                    }
                },
                "TrainerController._save_models": {
                    "total": 0.17490889999999126,
                    "count": 1,
                    "self": 0.011343999999979815,
                    "children": {
                        "RLTrainer._checkpoint": {
                            "total": 0.16356490000001145,
                            "count": 1,